area,center_id,professional_type,total_hours,total_area_hours,weight
Altiplano,22,GP,403.17016187926856,1011.8908722374159,0.3984324524914524
Altiplano,22,Nurse,535.2228687731858,1172.5492192717936,0.4564608973136186
Altiplano,22,Pediatrician,92.99188906331763,223.20617477760334,0.4166188016795336
Altiplano,41,GP,286,1011.8908722374159,0.2826391736962886
Altiplano,41,Nurse,322.5,1172.5492192717936,0.27504175918541585
Altiplano,41,Pediatrician,79.5,223.20617477760334,0.3561729422548981
Altiplano,42,GP,227.85714285714286,1011.8908722374159,0.22517956146132886
Altiplano,42,Nurse,255.35714285714292,1172.5492192717936,0.21777946602167483
Altiplano,42,Pediatrician,50.714285714285715,223.20617477760334,0.2272082560655684
Altiplano,52,GP,23.715891875251096,1011.8908722374159,0.0234372030877325
Altiplano,52,Nurse,29.734603820732534,1172.5492192717936,0.025358938739645467
Altiplano,72,GP,47.43178375050219,1011.8908722374159,0.046874406175465
Altiplano,180,GP,23.715891875251096,1011.8908722374159,0.0234372030877325
Altiplano,180,Nurse,29.734603820732534,1172.5492192717936,0.025358938739645467
Cartagena,95,GP,308.3065943782642,4932.905510052229,0.06249999999999998
Cartagena,95,Nurse,416.2844534902556,6809.224274947746,0.061135371179039354
Cartagena,95,Pediatrician,46.495944531658814,1394.8783359497647,0.033333333333333326
Cartagena,96,GP,355.7383781287664,4932.905510052229,0.07211538461538458
Cartagena,96,Nurse,446.01905731098816,6809.224274947746,0.06550218340611359
Cartagena,96,Pediatrician,92.99188906331763,1394.8783359497647,0.06666666666666665
Cartagena,97,GP,23.715891875251096,4932.905510052229,0.004807692307692306
Cartagena,97,Nurse,59.46920764146507,6809.224274947746,0.008733624454148476
Cartagena,98,GP,23.715891875251096,4932.905510052229,0.004807692307692306
Cartagena,98,Nurse,29.734603820732534,6809.224274947746,0.004366812227074238
Cartagena,99,GP,355.7383781287664,4932.905510052229,0.07211538461538458
Cartagena,99,Nurse,446.01905731098816,6809.224274947746,0.06550218340611359
Cartagena,99,Pediatrician,92.99188906331763,1394.8783359497647,0.06666666666666665
Cartagena,102,GP,71.1476756257533,4932.905510052229,0.01442307692307692
Cartagena,102,Nurse,118.93841528293014,6809.224274947746,0.017467248908296953
Cartagena,102,Pediatrician,23.247972265829407,1394.8783359497647,0.016666666666666663
Cartagena,103,GP,71.1476756257533,4932.905510052229,0.01442307692307692
Cartagena,103,Nurse,118.93841528293014,6809.224274947746,0.017467248908296953
Cartagena,103,Pediatrician,23.247972265829407,1394.8783359497647,0.016666666666666663
Cartagena,105,GP,23.715891875251096,4932.905510052229,0.004807692307692306
Cartagena,105,Nurse,29.734603820732534,6809.224274947746,0.004366812227074238
Cartagena,106,GP,23.715891875251096,4932.905510052229,0.004807692307692306
Cartagena,106,Nurse,29.734603820732534,6809.224274947746,0.004366812227074238
Cartagena,107,GP,23.715891875251096,4932.905510052229,0.004807692307692306
Cartagena,107,Nurse,29.734603820732534,6809.224274947746,0.004366812227074238
Cartagena,108,GP,23.715891875251096,4932.905510052229,0.004807692307692306
Cartagena,108,Nurse,29.734603820732534,6809.224274947746,0.004366812227074238
Cartagena,109,GP,47.43178375050219,4932.905510052229,0.009615384615384612
Cartagena,109,Nurse,29.734603820732534,6809.224274947746,0.004366812227074238
Cartagena,110,GP,23.715891875251096,4932.905510052229,0.004807692307692306
Cartagena,110,Nurse,29.734603820732534,6809.224274947746,0.004366812227074238
Cartagena,111,GP,142.29535125150656,4932.905510052229,0.028846153846153837
Cartagena,111,Nurse,208.14222674512774,6809.224274947746,0.03056768558951967
Cartagena,111,Pediatrician,46.495944531658814,1394.8783359497647,0.033333333333333326
Cartagena,112,GP,308.3065943782642,4932.905510052229,0.06249999999999998
Cartagena,112,Nurse,416.2844534902556,6809.224274947746,0.061135371179039354
Cartagena,112,Pediatrician,92.99188906331763,1394.8783359497647,0.06666666666666665
Cartagena,113,GP,71.1476756257533,4932.905510052229,0.01442307692307692
Cartagena,113,Nurse,89.2038114621976,6809.224274947746,0.013100436681222715
Cartagena,113,Pediatrician,23.247972265829407,1394.8783359497647,0.016666666666666663
Cartagena,114,GP,23.715891875251096,4932.905510052229,0.004807692307692306
Cartagena,114,Nurse,29.734603820732534,6809.224274947746,0.004366812227074238
Cartagena,115,GP,23.715891875251096,4932.905510052229,0.004807692307692306
Cartagena,115,Nurse,29.734603820732534,6809.224274947746,0.004366812227074238
Cartagena,116,GP,94.86356750100438,4932.905510052229,0.019230769230769225
Cartagena,116,Nurse,178.4076229243952,6809.224274947746,0.02620087336244543
Cartagena,116,Pediatrician,46.495944531658814,1394.8783359497647,0.033333333333333326
Cartagena,117,GP,118.57945937625547,4932.905510052229,0.02403846153846153
Cartagena,117,Nurse,178.4076229243952,6809.224274947746,0.02620087336244543
Cartagena,117,Pediatrician,46.495944531658814,1394.8783359497647,0.033333333333333326
Cartagena,118,GP,71.1476756257533,4932.905510052229,0.01442307692307692
Cartagena,118,Nurse,89.2038114621976,6809.224274947746,0.013100436681222715
Cartagena,118,Pediatrician,23.247972265829407,1394.8783359497647,0.016666666666666663
Cartagena,119,GP,47.43178375050219,4932.905510052229,0.009615384615384612
Cartagena,119,Nurse,59.46920764146507,6809.224274947746,0.008733624454148476
Cartagena,119,Pediatrician,23.247972265829407,1394.8783359497647,0.016666666666666663
Cartagena,120,GP,23.715891875251096,4932.905510052229,0.004807692307692306
Cartagena,120,Nurse,29.734603820732534,6809.224274947746,0.004366812227074238
Cartagena,121,GP,118.57945937625547,4932.905510052229,0.02403846153846153
Cartagena,121,Nurse,178.4076229243952,6809.224274947746,0.02620087336244543
Cartagena,121,Pediatrician,46.495944531658814,1394.8783359497647,0.033333333333333326
Cartagena,122,GP,47.43178375050219,4932.905510052229,0.009615384615384612
Cartagena,122,Nurse,59.46920764146507,6809.224274947746,0.008733624454148476
Cartagena,122,Pediatrician,23.247972265829407,1394.8783359497647,0.016666666666666663
Cartagena,123,GP,47.43178375050219,4932.905510052229,0.009615384615384612
Cartagena,123,Nurse,59.46920764146507,6809.224274947746,0.008733624454148476
Cartagena,123,Pediatrician,23.247972265829407,1394.8783359497647,0.016666666666666663
Cartagena,124,GP,23.715891875251096,4932.905510052229,0.004807692307692306
Cartagena,124,Nurse,29.734603820732534,6809.224274947746,0.004366812227074238
Cartagena,126,GP,189.72713500200874,4932.905510052229,0.03846153846153844
Cartagena,126,Nurse,267.6114343865928,6809.224274947746,0.039301310043668145
Cartagena,126,Pediatrician,69.74391679748823,1394.8783359497647,0.04999999999999999
Cartagena,127,GP,23.715891875251096,4932.905510052229,0.004807692307692306
Cartagena,127,Nurse,29.734603820732534,6809.224274947746,0.004366812227074238
Cartagena,127,Pediatrician,23.247972265829407,1394.8783359497647,0.016666666666666663
Cartagena,128,GP,23.715891875251096,4932.905510052229,0.004807692307692306
Cartagena,128,Nurse,29.734603820732534,6809.224274947746,0.004366812227074238
Cartagena,129,GP,23.715891875251096,4932.905510052229,0.004807692307692306
Cartagena,129,Nurse,29.734603820732534,6809.224274947746,0.004366812227074238
Cartagena,130,GP,23.715891875251096,4932.905510052229,0.004807692307692306
Cartagena,130,Nurse,29.734603820732534,6809.224274947746,0.004366812227074238
Cartagena,131,GP,23.715891875251096,4932.905510052229,0.004807692307692306
Cartagena,131,Nurse,29.734603820732534,6809.224274947746,0.004366812227074238
Cartagena,132,GP,23.715891875251096,4932.905510052229,0.004807692307692306
Cartagena,132,Nurse,29.734603820732534,6809.224274947746,0.004366812227074238
Cartagena,133,GP,237.1589187525109,4932.905510052229,0.04807692307692306
Cartagena,133,Nurse,297.34603820732536,6809.224274947746,0.043668122270742384
Cartagena,133,Pediatrician,69.74391679748823,1394.8783359497647,0.04999999999999999
Cartagena,134,GP,213.44302687725983,4932.905510052229,0.043269230769230754
Cartagena,134,Nurse,327.0806420280579,6809.224274947746,0.04803493449781663
Cartagena,134,Pediatrician,23.247972265829407,1394.8783359497647,0.016666666666666663
Cartagena,135,GP,23.715891875251096,4932.905510052229,0.004807692307692306
Cartagena,135,Nurse,29.734603820732534,6809.224274947746,0.004366812227074238
Cartagena,136,GP,23.715891875251096,4932.905510052229,0.004807692307692306
Cartagena,136,Nurse,29.734603820732534,6809.224274947746,0.004366812227074238
Cartagena,138,GP,23.715891875251096,4932.905510052229,0.004807692307692306
Cartagena,138,Nurse,59.46920764146507,6809.224274947746,0.008733624454148476
Cartagena,151,GP,260.87481062776203,4932.905510052229,0.05288461538461537
Cartagena,151,Nurse,386.54984966952304,6809.224274947746,0.056768558951965115
Cartagena,151,Pediatrician,92.99188906331763,1394.8783359497647,0.06666666666666665
Cartagena,152,GP,23.715891875251096,4932.905510052229,0.004807692307692306
Cartagena,152,Nurse,29.734603820732534,6809.224274947746,0.004366812227074238
Cartagena,152,Pediatrician,23.247972265829407,1394.8783359497647,0.016666666666666663
Cartagena,153,GP,23.715891875251096,4932.905510052229,0.004807692307692306
Cartagena,153,Nurse,29.734603820732534,6809.224274947746,0.004366812227074238
Cartagena,153,Pediatrician,23.247972265829407,1394.8783359497647,0.016666666666666663
Cartagena,154,GP,118.57945937625547,4932.905510052229,0.02403846153846153
Cartagena,154,Nurse,148.67301910366268,6809.224274947746,0.021834061135371192
Cartagena,154,Pediatrician,23.247972265829407,1394.8783359497647,0.016666666666666663
Cartagena,155,GP,23.715891875251096,4932.905510052229,0.004807692307692306
Cartagena,155,Nurse,59.46920764146507,6809.224274947746,0.008733624454148476
Cartagena,155,Pediatrician,23.247972265829407,1394.8783359497647,0.016666666666666663
Cartagena,178,GP,23.715891875251096,4932.905510052229,0.004807692307692306
Cartagena,178,Nurse,29.734603820732534,6809.224274947746,0.004366812227074238
Cartagena,193,GP,23.715891875251096,4932.905510052229,0.004807692307692306
Cartagena,193,Nurse,29.734603820732534,6809.224274947746,0.004366812227074238
Cartagena,193,Pediatrician,23.247972265829407,1394.8783359497647,0.016666666666666663
Cartagena,198,GP,23.715891875251096,4932.905510052229,0.004807692307692306
Cartagena,198,Nurse,29.734603820732534,6809.224274947746,0.004366812227074238
Cartagena,198,Pediatrician,23.247972265829407,1394.8783359497647,0.016666666666666663
Cartagena,234,GP,23.715891875251096,4932.905510052229,0.004807692307692306
Cartagena,234,Nurse,29.734603820732534,6809.224274947746,0.004366812227074238
Cartagena,234,Pediatrician,23.247972265829407,1394.8783359497647,0.016666666666666663
Cartagena,235,GP,308.3065943782642,4932.905510052229,0.06249999999999998
Cartagena,235,Nurse,386.54984966952304,6809.224274947746,0.056768558951965115
Cartagena,235,Pediatrician,69.74391679748823,1394.8783359497647,0.04999999999999999
Cartagena,236,GP,355.7383781287664,4932.905510052229,0.07211538461538458
Cartagena,236,Nurse,475.7536611317207,6809.224274947746,0.06986899563318784
Cartagena,236,Pediatrician,92.99188906331763,1394.8783359497647,0.06666666666666665
Cartagena,237,GP,23.715891875251096,4932.905510052229,0.004807692307692306
Cartagena,237,Nurse,59.46920764146507,6809.224274947746,0.008733624454148476
Cartagena,238,GP,23.715891875251096,4932.905510052229,0.004807692307692306
Cartagena,238,Nurse,59.46920764146507,6809.224274947746,0.008733624454148476
Cartagena,238,Pediatrician,23.247972265829407,1394.8783359497647,0.016666666666666663
Cartagena,239,GP,23.715891875251096,4932.905510052229,0.004807692307692306
Cartagena,239,Nurse,29.734603820732534,6809.224274947746,0.004366812227074238
Cartagena,239,Pediatrician,23.247972265829407,1394.8783359497647,0.016666666666666663
Cartagena,266,GP,71.1476756257533,4932.905510052229,0.01442307692307692
Cartagena,266,Nurse,59.46920764146507,6809.224274947746,0.008733624454148476
Cartagena,269,GP,94.86356750100438,4932.905510052229,0.019230769230769225
Cartagena,269,Nurse,148.67301910366268,6809.224274947746,0.021834061135371192
Cartagena,269,Pediatrician,46.495944531658814,1394.8783359497647,0.033333333333333326
Cartagena,271,GP,71.1476756257533,4932.905510052229,0.01442307692307692
Cartagena,271,Nurse,118.93841528293014,6809.224274947746,0.017467248908296953
Cartagena,271,Pediatrician,23.247972265829407,1394.8783359497647,0.016666666666666663
Cartagena,279,GP,23.715891875251096,4932.905510052229,0.004807692307692306
Cartagena,279,Nurse,59.46920764146507,6809.224274947746,0.008733624454148476
Lorca,159,GP,455,3743.2143768973488,0.12155328393912011
Lorca,159,Nurse,630,5151.337212639113,0.12229834196337554
Lorca,159,Pediatrician,105,992.6952511773939,0.10577264258639692
Lorca,160,GP,213.44302687725983,3743.2143768973488,0.05702132055128969
Lorca,160,Nurse,386.54984966952304,5151.337212639113,0.07503873920757895
Lorca,160,Pediatrician,69.74391679748823,992.6952511773939,0.07025712746662978
Lorca,162,GP,490,3743.2143768973488,0.13090353654982165
Lorca,162,Nurse,595,5151.337212639113,0.11550398963207689
Lorca,162,Pediatrician,105,992.6952511773939,0.10577264258639692
Lorca,163,GP,32.5,3743.2143768973488,0.008682377424222865
Lorca,164,GP,67.5,3743.2143768973488,0.01803263003492441
Lorca,165,GP,23.715891875251096,3743.2143768973488,0.006335702283476633
Lorca,165,Nurse,59.46920764146507,5151.337212639113,0.011544421416550604
Lorca,165,Pediatrician,23.247972265829407,992.6952511773939,0.023419042488876593
Lorca,166,GP,40,3743.2143768973488,0.010686002983658911
Lorca,167,GP,71.1476756257533,3743.2143768973488,0.019007106850429903
Lorca,167,Nurse,89.2038114621976,5151.337212639113,0.017316632124825905
Lorca,167,Pediatrician,23.247972265829407,992.6952511773939,0.023419042488876593
Lorca,168,GP,23.715891875251096,3743.2143768973488,0.006335702283476633
Lorca,168,Nurse,59.46920764146507,5151.337212639113,0.011544421416550604
Lorca,169,GP,23.715891875251096,3743.2143768973488,0.006335702283476633
Lorca,169,Nurse,29.734603820732534,5151.337212639113,0.005772210708275302
Lorca,170,GP,284.5907025030131,3743.2143768973488,0.0760284274017196
Lorca,170,Nurse,446.01905731098816,5151.337212639113,0.08658316062412956
Lorca,170,Pediatrician,92.99188906331763,992.6952511773939,0.09367616995550637
Lorca,171,GP,47.43178375050219,3743.2143768973488,0.012671404566953266
Lorca,171,Nurse,59.46920764146507,5151.337212639113,0.011544421416550604
Lorca,171,Pediatrician,23.247972265829407,992.6952511773939,0.023419042488876593
Lorca,172,GP,47.43178375050219,3743.2143768973488,0.012671404566953266
Lorca,172,Nurse,59.46920764146507,5151.337212639113,0.011544421416550604
Lorca,172,Pediatrician,23.247972265829407,992.6952511773939,0.023419042488876593
Lorca,173,GP,23.715891875251096,3743.2143768973488,0.006335702283476633
Lorca,173,Nurse,29.734603820732534,5151.337212639113,0.005772210708275302
Lorca,174,GP,420,3743.2143768973488,0.11220303132841856
Lorca,174,Nurse,525,5151.337212639113,0.1019152849694796
Lorca,174,Pediatrician,105,992.6952511773939,0.10577264258639692
Lorca,175,GP,23.715891875251096,3743.2143768973488,0.006335702283476633
Lorca,175,Nurse,29.734603820732534,5151.337212639113,0.005772210708275302
Lorca,175,Pediatrician,23.247972265829407,992.6952511773939,0.023419042488876593
Lorca,179,GP,23.715891875251096,3743.2143768973488,0.006335702283476633
Lorca,191,GP,23.715891875251096,3743.2143768973488,0.006335702283476633
Lorca,194,GP,23.715891875251096,3743.2143768973488,0.006335702283476633
Lorca,194,Nurse,29.734603820732534,5151.337212639113,0.005772210708275302
Lorca,195,GP,23.715891875251096,3743.2143768973488,0.006335702283476633
Lorca,195,Nurse,29.734603820732534,5151.337212639113,0.005772210708275302
Lorca,233,GP,23.715891875251096,3743.2143768973488,0.006335702283476633
Lorca,233,Pediatrician,23.247972265829407,992.6952511773939,0.023419042488876593
Lorca,240,GP,17.5,3743.2143768973488,0.004675126305350773
Lorca,241,GP,23.715891875251096,3743.2143768973488,0.006335702283476633
Lorca,241,Nurse,29.734603820732534,5151.337212639113,0.005772210708275302
Lorca,242,GP,23.715891875251096,3743.2143768973488,0.006335702283476633
Lorca,242,Nurse,29.734603820732534,5151.337212639113,0.005772210708275302
Lorca,243,GP,23.715891875251096,3743.2143768973488,0.006335702283476633
Lorca,243,Nurse,29.734603820732534,5151.337212639113,0.005772210708275302
Lorca,244,GP,403.17016187926856,3743.2143768973488,0.10770693881910275
Lorca,244,Nurse,683.8958878768486,5151.337212639113,0.132760846290332
Lorca,244,Pediatrician,139.48783359497645,992.6952511773939,0.14051425493325956
Lorca,245,GP,23.715891875251096,3743.2143768973488,0.006335702283476633
Lorca,245,Nurse,29.734603820732534,5151.337212639113,0.005772210708275302
Lorca,246,GP,47.43178375050219,3743.2143768973488,0.012671404566953266
Lorca,246,Nurse,89.2038114621976,5151.337212639113,0.017316632124825905
Lorca,246,Pediatrician,23.247972265829407,992.6952511773939,0.023419042488876593
Lorca,247,GP,23.715891875251096,3743.2143768973488,0.006335702283476633
Lorca,247,Nurse,29.734603820732534,5151.337212639113,0.005772210708275302
Lorca,248,GP,23.715891875251096,3743.2143768973488,0.006335702283476633
Lorca,248,Nurse,29.734603820732534,5151.337212639113,0.005772210708275302
Lorca,249,GP,23.715891875251096,3743.2143768973488,0.006335702283476633
Lorca,249,Nurse,29.734603820732534,5151.337212639113,0.005772210708275302
Lorca,250,GP,308.3065943782642,3743.2143768973488,0.08236412968519623
Lorca,250,Nurse,505.4882649524533,5151.337212639113,0.09812758204068017
Lorca,250,Pediatrician,92.99188906331763,992.6952511773939,0.09367616995550637
Lorca,251,GP,23.715891875251096,3743.2143768973488,0.006335702283476633
Lorca,251,Nurse,29.734603820732534,5151.337212639113,0.005772210708275302
Lorca,252,GP,23.715891875251096,3743.2143768973488,0.006335702283476633
Lorca,252,Nurse,29.734603820732534,5151.337212639113,0.005772210708275302
Lorca,252,Pediatrician,23.247972265829407,992.6952511773939,0.023419042488876593
Lorca,261,GP,23.715891875251096,3743.2143768973488,0.006335702283476633
Lorca,261,Nurse,29.734603820732534,5151.337212639113,0.005772210708275302
Lorca,276,GP,213.44302687725983,3743.2143768973488,0.05702132055128969
Lorca,276,Nurse,327.0806420280579,5151.337212639113,0.06349431779102833
Lorca,276,Pediatrician,46.495944531658814,992.6952511773939,0.046838084977753186
Lorca,277,GP,90,3743.2143768973488,0.02404350671323255
Lorca,277,Nurse,150,5151.337212639113,0.029118652848422747
Lorca,277,Pediatrician,30,992.6952511773939,0.030220755024684836
Lorca,278,GP,20,3743.2143768973488,0.005343001491829456
Lorca,278,Nurse,40,5151.337212639113,0.007764974092912732
Lorca,278,Pediatrician,20,992.6952511773939,0.020147170016456557
Mar Menor,139,GP,355.7383781287664,2200.2678548074855,0.16167957794388269
Mar Menor,139,Nurse,446.01905731098816,2650.144166398018,0.16829992230845367
Mar Menor,139,Pediatrician,92.99188906331763,689.9675562532706,0.13477719092806523
Mar Menor,140,GP,166.01124312675765,2200.2678548074855,0.07545046970714525
Mar Menor,140,Nurse,148.67301910366268,2650.144166398018,0.056099974102817876
Mar Menor,140,Pediatrician,23.247972265829407,689.9675562532706,0.03369429773201631
Mar Menor,141,GP,71.1476756257533,2200.2678548074855,0.03233591558877654
Mar Menor,141,Nurse,59.46920764146507,2650.144166398018,0.02243998964112715
Mar Menor,141,Pediatrician,23.247972265829407,689.9675562532706,0.03369429773201631
Mar Menor,142,GP,332.0224862535153,2200.2678548074855,0.1509009394142905
Mar Menor,142,Nurse,446.01905731098816,2650.144166398018,0.16829992230845367
Mar Menor,142,Pediatrician,92.99188906331763,689.9675562532706,0.13477719092806523
Mar Menor,143,GP,118.57945937625547,2200.2678548074855,0.0538931926479609
Mar Menor,143,Nurse,148.67301910366268,2650.144166398018,0.056099974102817876
Mar Menor,143,Pediatrician,23.247972265829407,689.9675562532706,0.03369429773201631
Mar Menor,144,GP,280,2200.2678548074855,0.12725723342647247
Mar Menor,144,Nurse,385,2650.144166398018,0.1452751155508941
Mar Menor,144,Pediatrician,105,689.9675562532706,0.1521810685855742
Mar Menor,145,GP,118.57945937625547,2200.2678548074855,0.0538931926479609
Mar Menor,145,Nurse,148.67301910366268,2650.144166398018,0.056099974102817876
Mar Menor,145,Pediatrician,46.495944531658814,689.9675562532706,0.06738859546403261
Mar Menor,146,GP,165,2200.2678548074855,0.0749908696977427
Mar Menor,146,Nurse,165,2650.144166398018,0.06226076380752604
Mar Menor,146,Pediatrician,110,689.9675562532706,0.1594277861372682
Mar Menor,147,GP,75,2200.2678548074855,0.03408675895351941
Mar Menor,147,Nurse,50,2650.144166398018,0.01886689812349274
Mar Menor,147,Pediatrician,25,689.9675562532706,0.03623358775847005
Mar Menor,148,GP,23.715891875251096,2200.2678548074855,0.01077863852959218
Mar Menor,148,Nurse,29.734603820732534,2650.144166398018,0.011219994820563574
Mar Menor,149,GP,17.5,2200.2678548074855,0.007953577089154529
Mar Menor,149,Nurse,30.833333333333336,2650.144166398018,0.011634587176153857
Mar Menor,149,Pediatrician,18.333333333333336,689.9675562532706,0.026571297689544707
Mar Menor,157,GP,237.1589187525109,2200.2678548074855,0.10778638529592179
Mar Menor,157,Nurse,327.0806420280579,2650.144166398018,0.12341994302619934
Mar Menor,157,Pediatrician,69.74391679748823,689.9675562532706,0.10108289319604892
Mar Menor,158,GP,71.1476756257533,2200.2678548074855,0.03233591558877654
Mar Menor,158,Nurse,59.46920764146507,2650.144166398018,0.02243998964112715
Mar Menor,272,GP,168.66666666666666,2200.2678548074855,0.07665733346880364
Mar Menor,272,Nurse,205.50000000000003,2650.144166398018,0.07754295128755517
Mar Menor,272,Pediatrician,59.666666666666664,689.9675562532706,0.08647749611688185
Murcia Este,5,GP,106,3414.1666666666665,0.031047107639736393
Murcia Este,5,Nurse,196,5867.711691086691,0.03340314083558886
Murcia Este,5,Pediatrician,37.5,951,0.03943217665615142
Murcia Este,8,GP,240,3414.1666666666665,0.07029533805223334
Murcia Este,8,Nurse,490,5867.711691086691,0.08350785208897214
Murcia Este,8,Pediatrician,75,951,0.07886435331230283
Murcia Este,9,GP,225,3414.1666666666665,0.06590187942396876
Murcia Este,9,Nurse,320,5867.711691086691,0.054535740139736916
Murcia Este,9,Pediatrician,62.5,951,0.06572029442691903
Murcia Este,10,GP,200,3414.1666666666665,0.05857944837686112
Murcia Este,10,Nurse,350,5867.711691086691,0.05964846577783725
Murcia Este,10,Pediatrician,50,951,0.052576235541535225
Murcia Este,28,GP,65,3414.1666666666665,0.019038320722479865
Murcia Este,28,Nurse,168.75,5867.711691086691,0.028759081714314388
Murcia Este,28,Pediatrician,25,951,0.026288117770767613
Murcia Este,32,GP,250,3414.1666666666665,0.0732243104710764
Murcia Este,32,Nurse,420,5867.711691086691,0.0715781589334047
Murcia Este,32,Pediatrician,50,951,0.052576235541535225
Murcia Este,35,GP,300,3414.1666666666665,0.08786917256529168
Murcia Este,35,Nurse,500.17857142857144,5867.711691086691,0.0852425268590419
Murcia Este,35,Pediatrician,75,951,0.07886435331230283
Murcia Este,38,GP,230,3414.1666666666665,0.06736636563339028
Murcia Este,38,Nurse,398,5867.711691086691,0.06782882679879779
Murcia Este,38,Pediatrician,120,951,0.12618296529968454
Murcia Este,40,GP,240,3414.1666666666665,0.07029533805223334
Murcia Este,40,Nurse,525,5867.711691086691,0.08947269866675588
Murcia Este,40,Pediatrician,75,951,0.07886435331230283
Murcia Este,53,GP,40,3414.1666666666665,0.011715889675372224
Murcia Este,53,Nurse,70,5867.711691086691,0.01192969315556745
Murcia Este,66,GP,125,3414.1666666666665,0.0366121552355382
Murcia Este,66,Nurse,163.5,5867.711691086691,0.02786435472764683
Murcia Este,66,Pediatrician,25,951,0.026288117770767613
Murcia Este,68,GP,102,3414.1666666666665,0.02987551867219917
Murcia Este,68,Nurse,169.72222222222223,5867.711691086691,0.028924771897030604
Murcia Este,68,Pediatrician,25.5,951,0.026813880126182965
Murcia Este,81,GP,50,3414.1666666666665,0.01464486209421528
Murcia Este,81,Nurse,74.5,5867.711691086691,0.0126966020012825
Murcia Este,81,Pediatrician,3,951,0.0031545741324921135
Murcia Este,86,GP,100,3414.1666666666665,0.02928972418843056
Murcia Este,86,Nurse,155,5867.711691086691,0.026415749130185066
Murcia Este,86,Pediatrician,25,951,0.026288117770767613
Murcia Este,94,GP,75,3414.1666666666665,0.02196729314132292
Murcia Este,94,Nurse,117.5,5867.711691086691,0.020024842082559648
Murcia Este,94,Pediatrician,10,951,0.010515247108307046
Murcia Este,187,GP,50,3414.1666666666665,0.01464486209421528
Murcia Este,187,Nurse,101.66666666666667,5867.711691086691,0.01732645910689558
Murcia Este,187,Pediatrician,10,951,0.010515247108307046
Murcia Este,196,GP,75,3414.1666666666665,0.02196729314132292
Murcia Este,196,Nurse,96,5867.711691086691,0.016360722041921075
Murcia Este,196,Pediatrician,42.5,951,0.04468980021030494
Murcia Este,197,GP,32.5,3414.1666666666665,0.009519160361239933
Murcia Este,197,Nurse,47.5,5867.711691086691,0.008095148926992198
Murcia Este,208,GP,100,3414.1666666666665,0.02928972418843056
Murcia Este,208,Nurse,116.875,5867.711691086691,0.019918326965099223
Murcia Este,208,Pediatrician,25,951,0.026288117770767613
Murcia Este,213,GP,100,3414.1666666666665,0.02928972418843056
Murcia Este,213,Nurse,133,5867.711691086691,0.022666416995578153
Murcia Este,213,Pediatrician,25,951,0.026288117770767613
Murcia Este,229,GP,56.66666666666667,3414.1666666666665,0.016597510373443987
Murcia Este,229,Nurse,70,5867.711691086691,0.01192969315556745
Murcia Este,230,GP,54,3414.1666666666665,0.0158164510617525
Murcia Este,230,Nurse,105,5867.711691086691,0.017894539733351176
Murcia Este,255,GP,1,3414.1666666666665,2.928972418843056e-4
Murcia Este,255,Nurse,1.5,5867.711691086691,2.556362819050168e-4
Murcia Este,256,GP,1,3414.1666666666665,2.928972418843056e-4
Murcia Este,256,Nurse,1,5867.711691086691,1.7042418793667785e-4
Murcia Este,257,GP,75,3414.1666666666665,0.02196729314132292
Murcia Este,257,Nurse,122.5,5867.711691086691,0.020876963022243036
Murcia Este,257,Pediatrician,25,951,0.026288117770767613
Murcia Este,258,GP,81,3414.1666666666665,0.023724676592628755
Murcia Este,258,Nurse,175,5867.711691086691,0.029824232888918625
Murcia Este,258,Pediatrician,22.5,951,0.02365930599369085
Murcia Este,263,GP,10,3414.1666666666665,0.002928972418843056
Murcia Este,263,Nurse,10,5867.711691086691,0.0017042418793667786
Murcia Este,273,GP,180,3414.1666666666665,0.052721503539175006
Murcia Este,273,Nurse,320,5867.711691086691,0.054535740139736916
Murcia Este,273,Pediatrician,45,951,0.0473186119873817
Murcia Este,274,GP,250,3414.1666666666665,0.0732243104710764
Murcia Este,274,Nurse,449.5192307692308,5867.711691086691,0.07660894986576625
Murcia Este,274,Pediatrician,97.5,951,0.10252365930599369
Murcia Oeste,2,GP,295,4477.276509528705,0.06588826921280608
Murcia Oeste,2,Nurse,161.44,5781.014248347613,0.02792589553747327
Murcia Oeste,2,Pediatrician,75,1362.0488618524334,0.05506410386628671
Murcia Oeste,4,GP,350,4477.276509528705,0.07817252279485466
Murcia Oeste,4,Nurse,375,5781.014248347613,0.0648675100752755
Murcia Oeste,4,Pediatrician,75,1362.0488618524334,0.05506410386628671
Murcia Oeste,15,GP,85,4477.276509528705,0.018984755535893273
Murcia Oeste,15,Nurse,170,5781.014248347613,0.029406604567458226
Murcia Oeste,15,Pediatrician,42.5,1362.0488618524334,0.031202992190895805
Murcia Oeste,20,GP,379.4542700040175,4477.276509528705,0.08475113591855427
Murcia Oeste,20,Nurse,535.2228687731858,5781.014248347613,0.09258286622043331
Murcia Oeste,20,Pediatrician,92.99188906331763,1362.0488618524334,0.06827353384139645
Murcia Oeste,21,GP,231,4477.276509528705,0.05159386504460407
Murcia Oeste,21,Nurse,273,5781.014248347613,0.04722354733480057
Murcia Oeste,21,Pediatrician,84,1362.0488618524334,0.06167179633024112
Murcia Oeste,23,GP,221,4477.276509528705,0.04936036439332252
Murcia Oeste,23,Nurse,197,5781.014248347613,0.034077065292878066
Murcia Oeste,23,Pediatrician,57,1362.0488618524334,0.0418487189383779
Murcia Oeste,24,GP,94.55555555555556,4477.276509528705,0.021118989491562323
Murcia Oeste,24,Nurse,55.111111111111114,5781.014248347613,0.00953312148069234
Murcia Oeste,24,Pediatrician,25,1362.0488618524334,0.018354701288762237
Murcia Oeste,30,GP,385,4477.276509528705,0.08598977507434012
Murcia Oeste,30,Nurse,490,5781.014248347613,0.08476021316502665
Murcia Oeste,30,Pediatrician,105,1362.0488618524334,0.0770897454128014
Murcia Oeste,33,GP,426.88605375451965,4477.276509528705,0.09534502790837354
Murcia Oeste,33,Nurse,654.1612840561161,5781.014248347613,0.11315683649164071
Murcia Oeste,33,Pediatrician,92.99188906331763,1362.0488618524334,0.06827353384139645
Murcia Oeste,34,GP,57.5,4477.276509528705,0.01284262874486898
Murcia Oeste,34,Nurse,137.5,5781.014248347613,0.023784753694267684
Murcia Oeste,34,Pediatrician,32.5,1362.0488618524334,0.02386111167539091
Murcia Oeste,36,GP,200,4477.276509528705,0.044670013025631235
Murcia Oeste,36,Nurse,338.8888888888889,5781.014248347613,0.058621009105063786
Murcia Oeste,36,Pediatrician,50,1362.0488618524334,0.036709402577524475
Murcia Oeste,44,GP,23.715891875251096,4477.276509528705,0.005296945994909642
Murcia Oeste,44,Nurse,29.734603820732534,5781.014248347613,0.0051434925678018485
Murcia Oeste,44,Pediatrician,23.247972265829407,1362.0488618524334,0.017068383460349112
Murcia Oeste,45,GP,125,4477.276509528705,0.02791875814101952
Murcia Oeste,45,Nurse,175,5781.014248347613,0.030271504701795234
Murcia Oeste,45,Pediatrician,25,1362.0488618524334,0.018354701288762237
Murcia Oeste,48,GP,35,4477.276509528705,0.007817252279485466
Murcia Oeste,48,Nurse,35,5781.014248347613,0.006054300940359047
Murcia Oeste,48,Pediatrician,35,1362.0488618524334,0.025696581804267135
Murcia Oeste,49,GP,12,4477.276509528705,0.002680200781537874
Murcia Oeste,49,Nurse,24,5781.014248347613,0.004151520644817632
Murcia Oeste,49,Pediatrician,12,1362.0488618524334,0.008810256618605874
Murcia Oeste,51,GP,23.715891875251096,4477.276509528705,0.005296945994909642
Murcia Oeste,51,Nurse,29.734603820732534,5781.014248347613,0.0051434925678018485
Murcia Oeste,51,Pediatrician,23.247972265829407,1362.0488618524334,0.017068383460349112
Murcia Oeste,57,GP,47.43178375050219,4477.276509528705,0.010593891989819283
Murcia Oeste,57,Nurse,29.734603820732534,5781.014248347613,0.0051434925678018485
Murcia Oeste,57,Pediatrician,23.247972265829407,1362.0488618524334,0.017068383460349112
Murcia Oeste,59,GP,6,4477.276509528705,0.001340100390768937
Murcia Oeste,59,Nurse,6,5781.014248347613,0.001037880161204408
Murcia Oeste,60,GP,23.715891875251096,4477.276509528705,0.005296945994909642
Murcia Oeste,60,Nurse,29.734603820732534,5781.014248347613,0.0051434925678018485
Murcia Oeste,65,GP,50,4477.276509528705,0.011167503256407809
Murcia Oeste,65,Nurse,130,5781.014248347613,0.022487403492762174
Murcia Oeste,65,Pediatrician,30,1362.0488618524334,0.022025641546514686
Murcia Oeste,67,GP,47.43178375050219,4477.276509528705,0.010593891989819283
Murcia Oeste,67,Nurse,59.46920764146507,5781.014248347613,0.010286985135603697
Murcia Oeste,67,Pediatrician,23.247972265829407,1362.0488618524334,0.017068383460349112
Murcia Oeste,70,GP,3,4477.276509528705,6.700501953844685e-4
Murcia Oeste,70,Nurse,3,5781.014248347613,5.18940080602204e-4
Murcia Oeste,76,GP,61.66666666666667,4477.276509528705,0.0137732540162363
Murcia Oeste,76,Nurse,83.33333333333334,5781.014248347613,0.014415002238950113
Murcia Oeste,76,Pediatrician,24.166666666666668,1362.0488618524334,0.017742877912470166
Murcia Oeste,77,GP,45.66666666666667,4477.276509528705,0.0101996529741858
Murcia Oeste,77,Nurse,55.66666666666667,5781.014248347613,0.009629221495618675
Murcia Oeste,77,Pediatrician,22.666666666666668,1362.0488618524334,0.01664159583514443
Murcia Oeste,79,GP,71.1476756257533,4477.276509528705,0.01589083798472893
Murcia Oeste,79,Nurse,89.2038114621976,5781.014248347613,0.015430477703405545
Murcia Oeste,79,Pediatrician,23.247972265829407,1362.0488618524334,0.017068383460349112
Murcia Oeste,82,GP,46,4477.276509528705,0.010274102995895184
Murcia Oeste,82,Nurse,133,5781.014248347613,0.02300634357336438
Murcia Oeste,82,Pediatrician,12,1362.0488618524334,0.008810256618605874
Murcia Oeste,85,GP,47.43178375050219,4477.276509528705,0.010593891989819283
Murcia Oeste,85,Nurse,89.2038114621976,5781.014248347613,0.015430477703405545
Murcia Oeste,85,Pediatrician,23.247972265829407,1362.0488618524334,0.017068383460349112
Murcia Oeste,90,GP,24,4477.276509528705,0.005360401563075748
Murcia Oeste,90,Nurse,24,5781.014248347613,0.004151520644817632
Murcia Oeste,90,Pediatrician,24,1362.0488618524334,0.017620513237211748
Murcia Oeste,93,GP,23.715891875251096,4477.276509528705,0.005296945994909642
Murcia Oeste,93,Nurse,29.734603820732534,5781.014248347613,0.0051434925678018485
Murcia Oeste,182,GP,23.715891875251096,4477.276509528705,0.005296945994909642
Murcia Oeste,182,Nurse,29.734603820732534,5781.014248347613,0.0051434925678018485
Murcia Oeste,184,GP,82.5,4477.276509528705,0.018426380373072884
Murcia Oeste,184,Nurse,145,5781.014248347613,0.025082103895773193
Murcia Oeste,184,Pediatrician,25,1362.0488618524334,0.018354701288762237
Murcia Oeste,185,GP,94.125,4477.276509528705,0.0210228248801877
Murcia Oeste,185,Nurse,72.125,5781.014248347613,0.012476184437811321
Murcia Oeste,185,Pediatrician,25,1362.0488618524334,0.018354701288762237
Murcia Oeste,186,GP,65,4477.276509528705,0.014517754233330151
Murcia Oeste,186,Nurse,65,5781.014248347613,0.011243701746381087
Murcia Oeste,186,Pediatrician,6,1362.0488618524334,0.004405128309302937
Murcia Oeste,192,GP,23.715891875251096,4477.276509528705,0.005296945994909642
Murcia Oeste,192,Nurse,29.734603820732534,5781.014248347613,0.0051434925678018485
Murcia Oeste,199,GP,91.4,4477.276509528705,0.020414195952713477
Murcia Oeste,199,Nurse,124.2,5781.014248347613,0.021484119336931246
Murcia Oeste,199,Pediatrician,50,1362.0488618524334,0.036709402577524475
Murcia Oeste,205,GP,23.715891875251096,4477.276509528705,0.005296945994909642
Murcia Oeste,205,Nurse,29.734603820732534,5781.014248347613,0.0051434925678018485
Murcia Oeste,212,GP,47.43178375050219,4477.276509528705,0.010593891989819283
Murcia Oeste,212,Nurse,29.734603820732534,5781.014248347613,0.0051434925678018485
Murcia Oeste,216,GP,36.25,4477.276509528705,0.00809643986089566
Murcia Oeste,216,Nurse,72.625,5781.014248347613,0.012562674451245022
Murcia Oeste,216,Pediatrician,4,1362.0488618524334,0.0029367522062019582
Murcia Oeste,219,GP,23.715891875251096,4477.276509528705,0.005296945994909642
Murcia Oeste,219,Nurse,29.734603820732534,5781.014248347613,0.0051434925678018485
Murcia Oeste,219,Pediatrician,23.247972265829407,1362.0488618524334,0.017068383460349112
Murcia Oeste,220,GP,20.5,4477.276509528705,0.0045786763351272014
Murcia Oeste,220,Nurse,35,5781.014248347613,0.006054300940359047
Murcia Oeste,220,Pediatrician,6,1362.0488618524334,0.004405128309302937
Murcia Oeste,221,GP,94.86356750100438,4477.276509528705,0.021187783979638566
Murcia Oeste,221,Nurse,118.93841528293014,5781.014248347613,0.020573970271207394
Murcia Oeste,221,Pediatrician,23.247972265829407,1362.0488618524334,0.017068383460349112
Murcia Oeste,226,GP,240,4477.276509528705,0.05360401563075748
Murcia Oeste,226,Nurse,270,5781.014248347613,0.04670460725419836
Murcia Oeste,226,Pediatrician,60,1362.0488618524334,0.04405128309302937
Murcia Oeste,227,GP,100,4477.276509528705,0.022335006512815617
Murcia Oeste,227,Nurse,161,5781.014248347613,0.027849784325651616
Murcia Oeste,227,Pediatrician,25,1362.0488618524334,0.018354701288762237
Murcia Oeste,228,GP,20.875,4477.276509528705,0.00466243260955026
Murcia Oeste,228,Nurse,36.375,5781.014248347613,0.006292148477301723
Murcia Oeste,228,Pediatrician,35,1362.0488618524334,0.025696581804267135
Murcia Oeste,232,GP,47.43178375050219,4477.276509528705,0.010593891989819283
Murcia Oeste,232,Nurse,89.2038114621976,5781.014248347613,0.015430477703405545
Murcia Oeste,232,Pediatrician,23.247972265829407,1362.0488618524334,0.017068383460349112
Noroeste,7,GP,41.66666666666667,1903.4951458638486,0.021889557615739234
Noroeste,7,Nurse,83.33333333333334,2374.7206765415626,0.035091846445998144
Noroeste,7,Pediatrician,41.66666666666667,337.33333333333337,0.12351778656126482
Noroeste,12,GP,208.359375,1903.4951458638486,0.109461469052206
Noroeste,12,Nurse,363.4375,2374.7206765415626,0.1530443153126094
Noroeste,12,Pediatrician,50,337.33333333333337,0.14822134387351776
Noroeste,14,GP,208.57142857142856,1903.4951458638486,0.1095728712650718
Noroeste,14,Nurse,297.85714285714283,2374.7206765415626,0.12542828543983905
Noroeste,14,Pediatrician,50,337.33333333333337,0.14822134387351776
Noroeste,16,GP,445.83333333333337,1903.4951458638486,0.2342182664884098
Noroeste,16,Nurse,548.3333333333334,2374.7206765415626,0.23090434961466777
Noroeste,16,Pediatrician,85,337.33333333333337,0.2519762845849802
Noroeste,17,GP,259,1903.4951458638486,0.13606549013943506
Noroeste,17,Nurse,403.5,2374.7206765415626,0.169914720491523
Noroeste,17,Pediatrician,75,337.33333333333337,0.22233201581027665
Noroeste,29,GP,155,1903.4951458638486,0.08142915433054994
Noroeste,29,Nurse,270,2374.7206765415626,0.11369758248503398
Noroeste,29,Pediatrician,25,337.33333333333337,0.07411067193675888
Noroeste,43,GP,2,1903.4951458638486,0.001050698765555483
Noroeste,43,Nurse,2,2374.7206765415626,8.422043147039553e-4
Noroeste,46,GP,20.5,1903.4951458638486,0.010769662346943702
Noroeste,46,Nurse,13.666666666666668,2374.7206765415626,0.005755062817143696
Noroeste,47,GP,47.5,1903.4951458638486,0.024954095681942724
Noroeste,47,Nurse,66.05555555555556,2374.7206765415626,0.02781613694952786
Noroeste,47,Pediatrician,10.666666666666668,337.33333333333337,0.03162055335968379
Noroeste,54,GP,2,1903.4951458638486,0.001050698765555483
Noroeste,54,Nurse,16,2374.7206765415626,0.006737634517631643
Noroeste,55,GP,91,1903.4951458638486,0.04780679383277448
Noroeste,55,Nurse,37.5,2374.7206765415626,0.015791330900699164
Noroeste,56,GP,2.5,1903.4951458638486,0.001313373456944354
Noroeste,56,Nurse,2.5,2374.7206765415626,0.0010527553933799441
Noroeste,62,GP,3,1903.4951458638486,0.0015760481483332246
Noroeste,62,Nurse,3,2374.7206765415626,0.001263306472055933
Noroeste,71,GP,23.715891875251096,1903.4951458638486,0.012459129158686818
Noroeste,71,Nurse,29.734603820732534,2374.7206765415626,0.01252130581691683
Noroeste,84,GP,23.715891875251096,1903.4951458638486,0.012459129158686818
Noroeste,84,Nurse,29.734603820732534,2374.7206765415626,0.01252130581691683
Noroeste,89,GP,25,1903.4951458638486,0.013133734569443539
Noroeste,89,Nurse,25,2374.7206765415626,0.010527553933799443
Noroeste,181,GP,25,1903.4951458638486,0.013133734569443539
Noroeste,181,Nurse,25,2374.7206765415626,0.010527553933799443
Noroeste,183,GP,14,1903.4951458638486,0.007354891358888381
Noroeste,183,Nurse,14,2374.7206765415626,0.005895430202927688
Noroeste,200,GP,4,1903.4951458638486,0.002101397531110966
Noroeste,200,Nurse,4,2374.7206765415626,0.0016844086294079106
Noroeste,201,GP,88.83333333333334,1903.4951458638486,0.04666853683675604
Noroeste,201,Nurse,42.5,2374.7206765415626,0.01789684168745905
Noroeste,203,GP,9,1903.4951458638486,0.004728144444999674
Noroeste,203,Nurse,9,2374.7206765415626,0.003789919416167799
Noroeste,204,GP,2.583333333333332,1903.4951458638486,0.0013571525721758318
Noroeste,204,Nurse,2.583333333333332,2374.7206765415626,0.001087847239825942
Noroeste,210,GP,4,1903.4951458638486,0.002101397531110966
Noroeste,210,Nurse,4,2374.7206765415626,0.0016844086294079106
Noroeste,211,GP,11.25,1903.4951458638486,0.0059101805562495925
Noroeste,211,Nurse,11.25,2374.7206765415626,0.004737399270209749
Noroeste,215,GP,151,1903.4951458638486,0.07932775679943897
Noroeste,215,Nurse,35,2374.7206765415626,0.014738575507319218
Noroeste,231,GP,10.750000000000002,1903.4951458638486,0.005647505864860723
Noroeste,231,Nurse,6,2374.7206765415626,0.002526612944111866
Noroeste,275,GP,23.715891875251096,1903.4951458638486,0.012459129158686818
Noroeste,275,Nurse,29.734603820732534,2374.7206765415626,0.01252130581691683
Vega Alta del Segura,1,GP,56,770.783867105537,0.07265331098624615
Vega Alta del Segura,1,Nurse,70,1149.2771223967957,0.060907851236102505
Vega Alta del Segura,1,Pediatrician,14,198.74391679748823,0.07044240762481005
Vega Alta del Segura,11,GP,107.5,770.783867105537,0.1394684094825261
Vega Alta del Segura,11,Nurse,168.75,1149.2771223967957,0.1468314270870328
Vega Alta del Segura,11,Pediatrician,40,198.74391679748823,0.20126402178517158
Vega Alta del Segura,19,GP,272.72727272727275,770.783867105537,0.35383105999795206
Vega Alta del Segura,19,Nurse,497.72727272727275,1149.2771223967957,0.43307855262033923
Vega Alta del Segura,19,Pediatrician,75,198.74391679748823,0.3773700408471967
Vega Alta del Segura,78,GP,12.5,770.783867105537,0.0162172569165728
Vega Alta del Segura,78,Nurse,12.5,1149.2771223967957,0.010876402006446876
Vega Alta del Segura,217,GP,23.715891875251096,770.783867105537,0.030768536923728683
Vega Alta del Segura,217,Nurse,29.734603820732534,1149.2771223967957,0.025872440372537463
Vega Alta del Segura,222,GP,13.75,770.783867105537,0.01783898260823008
Vega Alta del Segura,222,Nurse,13.75,1149.2771223967957,0.011964042207091564
Vega Alta del Segura,265,GP,284.5907025030131,770.783867105537,0.36922244308474417
Vega Alta del Segura,265,Nurse,356.8152458487905,1149.2771223967957,0.3104692844704496
Vega Alta del Segura,265,Pediatrician,69.74391679748823,198.74391679748823,0.35092352974282165
Vega media del Segura,3,GP,175,4510.968259001261,0.03879433193767261
Vega media del Segura,3,Nurse,239,7163.783486549774,0.03336225898629264
Vega media del Segura,3,Pediatrician,50,1033.75,0.04836759371221282
Vega media del Segura,6,GP,371.5322580645161,4510.968259001261,0.08236197568518787
Vega media del Segura,6,Nurse,569.5967741935484,7163.783486549774,0.07951060710628455
Vega media del Segura,6,Pediatrician,75,1033.75,0.07255139056831923
Vega media del Segura,13,GP,312.8125,4510.968259001261,0.06934486833858979
Vega media del Segura,13,Nurse,342.8125,7163.783486549774,0.047853554011457924
Vega media del Segura,13,Pediatrician,67.5,1033.75,0.06529625151148731
Vega media del Segura,18,GP,208.33333333333331,4510.968259001261,0.046183728497229286
Vega media del Segura,18,Nurse,412.5,7163.783486549774,0.057581304735756116
Vega media del Segura,18,Pediatrician,50,1033.75,0.04836759371221282
Vega media del Segura,25,GP,185,4510.968259001261,0.04101115090553961
Vega media del Segura,25,Nurse,512.8125,7163.783486549774,0.07158403111467863
Vega media del Segura,25,Pediatrician,55,1033.75,0.053204353083434096
Vega media del Segura,26,GP,110,4510.968259001261,0.024385008646537067
Vega media del Segura,26,Nurse,238.75,7163.783486549774,0.03332736122584672
Vega media del Segura,26,Pediatrician,25,1033.75,0.02418379685610641
Vega media del Segura,27,GP,426.3888888888889,4510.968259001261,0.09452269765766262
Vega media del Segura,27,Nurse,760,7163.783486549774,0.10608919175557491
Vega media del Segura,27,Pediatrician,138.75,1033.75,0.13422007255139057
Vega media del Segura,31,GP,260,4510.968259001261,0.05763729316454216
Vega media del Segura,31,Nurse,446.85185185185185,7163.783486549774,0.062376515522953764
Vega media del Segura,31,Pediatrician,45,1033.75,0.04353083434099154
Vega media del Segura,37,GP,200,4510.968259001261,0.04433637935734012
Vega media del Segura,37,Nurse,376.8181818181818,7163.783486549774,0.052600442563021294
Vega media del Segura,37,Pediatrician,40,1033.75,0.03869407496977025
Vega media del Segura,39,GP,412.5,4510.968259001261,0.091443782424514
Vega media del Segura,39,Nurse,665,7163.783486549774,0.09282804278612805
Vega media del Segura,39,Pediatrician,125,1033.75,0.12091898428053205
Vega media del Segura,50,GP,25,4510.968259001261,0.005542047419667515
Vega media del Segura,50,Nurse,35,7163.783486549774,0.0048856864624277916
Vega media del Segura,58,GP,1.8000000000000007,4510.968259001261,3.9902741421606123e-4
Vega media del Segura,58,Nurse,1.8000000000000007,7163.783486549774,2.5126387521057225e-4
Vega media del Segura,61,GP,23.715891875251096,4510.968259001261,0.0052573838948939645
Vega media del Segura,61,Nurse,29.734603820732534,7163.783486549774,0.00415068432436019
Vega media del Segura,64,GP,0.5,4510.968259001261,1.108409483933503e-4
Vega media del Segura,64,Nurse,0.5,7163.783486549774,6.97955208918256e-5
Vega media del Segura,69,GP,25,4510.968259001261,0.005542047419667515
Vega media del Segura,69,Nurse,35,7163.783486549774,0.0048856864624277916
Vega media del Segura,73,GP,20,4510.968259001261,0.004433637935734012
Vega media del Segura,73,Nurse,35,7163.783486549774,0.0048856864624277916
Vega media del Segura,73,Pediatrician,3,1033.75,0.002902055622732769
Vega media del Segura,74,GP,25,4510.968259001261,0.005542047419667515
Vega media del Segura,74,Nurse,35,7163.783486549774,0.0048856864624277916
Vega media del Segura,74,Pediatrician,10,1033.75,0.009673518742442563
Vega media del Segura,87,GP,20,4510.968259001261,0.004433637935734012
Vega media del Segura,87,Nurse,35,7163.783486549774,0.0048856864624277916
Vega media del Segura,88,GP,25,4510.968259001261,0.005542047419667515
Vega media del Segura,88,Nurse,35,7163.783486549774,0.0048856864624277916
Vega media del Segura,88,Pediatrician,3,1033.75,0.002902055622732769
Vega media del Segura,92,GP,25,4510.968259001261,0.005542047419667515
Vega media del Segura,92,Nurse,35,7163.783486549774,0.0048856864624277916
Vega media del Segura,92,Pediatrician,6,1033.75,0.005804111245465538
Vega media del Segura,176,GP,23.715891875251096,4510.968259001261,0.0052573838948939645
Vega media del Segura,176,Nurse,29.734603820732534,7163.783486549774,0.00415068432436019
Vega media del Segura,177,GP,179,4510.968259001261,0.03968105952481941
Vega media del Segura,177,Nurse,268,7163.783486549774,0.03741039919801852
Vega media del Segura,177,Pediatrician,75,1033.75,0.07255139056831923
Vega media del Segura,188,GP,6,4510.968259001261,0.0013300913807202037
Vega media del Segura,188,Nurse,6,7163.783486549774,8.375462507019071e-4
Vega media del Segura,189,GP,13.5,4510.968259001261,0.0029927056066204583
Vega media del Segura,189,Nurse,16.5,7163.783486549774,0.002303252189430245
Vega media del Segura,189,Pediatrician,1.8333333333333321,1033.75,0.0017734784361144687
Vega media del Segura,190,GP,23.715891875251096,4510.968259001261,0.0052573838948939645
Vega media del Segura,190,Nurse,29.734603820732534,7163.783486549774,0.00415068432436019
Vega media del Segura,202,GP,23.715891875251096,4510.968259001261,0.0052573838948939645
Vega media del Segura,202,Nurse,29.734603820732534,7163.783486549774,0.00415068432436019
Vega media del Segura,206,GP,339.4758064516129,4510.968259001261,0.07525564068738841
Vega media del Segura,206,Nurse,525,7163.783486549774,0.07328529693641687
Vega media del Segura,206,Pediatrician,55,1033.75,0.053204353083434096
Vega media del Segura,207,GP,139.76190476190476,4510.968259001261,0.030982684146141252
Vega media del Segura,207,Nurse,35,7163.783486549774,0.0048856864624277916
Vega media del Segura,207,Pediatrician,46.66666666666666,1033.75,0.04514308746473195
Vega media del Segura,209,GP,20,4510.968259001261,0.004433637935734012
Vega media del Segura,209,Nurse,35,7163.783486549774,0.0048856864624277916
Vega media del Segura,214,GP,2,4510.968259001261,4.433637935734012e-4
Vega media del Segura,214,Nurse,2,7163.783486549774,2.791820835673024e-4
Vega media del Segura,218,GP,41.25,4510.968259001261,0.009144378242451399
Vega media del Segura,218,Nurse,41.25,7163.783486549774,0.005758130473575612
Vega media del Segura,223,GP,175,4510.968259001261,0.03879433193767261
Vega media del Segura,223,Nurse,315,7163.783486549774,0.04397117816185013
Vega media del Segura,223,Pediatrician,50,1033.75,0.04836759371221282
Vega media del Segura,224,GP,65,4510.968259001261,0.01440932329113554
Vega media del Segura,224,Nurse,58.33333333333333,7163.783486549774,0.008142810770712985
Vega media del Segura,224,Pediatrician,12,1033.75,0.011608222490931077
Vega media del Segura,225,GP,100,4510.968259001261,0.02216818967867006
Vega media del Segura,225,Nurse,240.45454545454544,7163.783486549774,0.033565300501614305
Vega media del Segura,225,Pediatrician,25,1033.75,0.02418379685610641
Vega media del Segura,253,GP,150,4510.968259001261,0.03325228451800509
Vega media del Segura,253,Nurse,239.6153846153846,7163.783486549774,0.03344816116585181
Vega media del Segura,253,Pediatrician,25,1033.75,0.02418379685610641
Vega media del Segura,254,GP,346.25,4510.968259001261,0.07675735676239509
Vega media del Segura,254,Nurse,416.25,7163.783486549774,0.05810477114244481
Vega media del Segura,254,Pediatrician,50,1033.75,0.04836759371221282
Vega media del Segura,260,GP,10,4510.968259001261,0.002216818967867006
Vega media del Segura,260,Nurse,35,7163.783486549774,0.0048856864624277916
